recommendationid,appid,reason
231404392,294100,text under 3 chars
231363671,294100,text under 3 chars
231300096,294100,text under 3 chars
231154887,294100,text under 3 chars
230870195,294100,text under 3 chars
230542368,294100,text under 3 chars
230477488,294100,text under 3 chars
230472667,294100,text under 3 chars
230425507,294100,text under 3 chars
230254309,294100,text under 3 chars
230204966,294100,text under 3 chars
230091440,294100,text under 3 chars
230071201,294100,text under 3 chars
229940779,294100,text under 3 chars
229910256,294100,text under 3 chars
229869941,294100,text under 3 chars
229625454,294100,text under 3 chars
229611325,294100,text under 3 chars
229462145,294100,text under 3 chars
229335552,294100,text under 3 chars
229329725,294100,text under 3 chars
229276406,294100,text under 3 chars
229058853,294100,text under 3 chars
229836528,975370,text under 3 chars
229559476,975370,text under 3 chars
223788288,975370,text under 3 chars
222282341,975370,text under 3 chars
221216833,975370,text under 3 chars
218770407,975370,text under 3 chars
218386166,975370,text under 3 chars
217580608,975370,text under 3 chars
216780789,975370,text under 3 chars
215703445,975370,text under 3 chars
231757609,457140,text under 3 chars
231035708,457140,text under 3 chars
230756518,457140,text under 3 chars
230449983,457140,text under 3 chars
230167127,457140,text under 3 chars
229291038,457140,text under 3 chars
229179101,457140,text under 3 chars
229127494,457140,text under 3 chars
229036013,457140,text under 3 chars
228633042,457140,text under 3 chars
228575529,457140,text under 3 chars
228556265,457140,text under 3 chars
228534691,457140,text under 3 chars
228430180,457140,text under 3 chars
228081742,457140,text under 3 chars
227785279,457140,text under 3 chars
227768889,457140,text under 3 chars
227732905,457140,text under 3 chars
227518419,457140,text under 3 chars
226928025,457140,text under 3 chars
226817923,457140,text under 3 chars
226037862,457140,text under 3 chars
225972654,457140,text under 3 chars
225297478,457140,text under 3 chars
225142580,457140,text under 3 chars
224875832,457140,text under 3 chars
224836516,457140,text under 3 chars
224727342,457140,text under 3 chars
224648492,457140,text under 3 chars
224400597,457140,text under 3 chars
224109082,457140,text under 3 chars
224092475,457140,text under 3 chars
223765987,457140,text under 3 chars
223671972,457140,text under 3 chars
223393437,457140,text under 3 chars
223006269,457140,text under 3 chars
231873673,427520,text under 3 chars
231812571,427520,text under 3 chars
231598304,427520,text under 3 chars
230804310,427520,text under 3 chars
230404085,427520,text under 3 chars
230363209,427520,text under 3 chars
230287203,427520,text under 3 chars
230249002,427520,text under 3 chars
230074571,427520,text under 3 chars
229990291,427520,text under 3 chars
229746496,427520,text under 3 chars
229739254,427520,text under 3 chars
229622063,427520,text under 3 chars
229615685,427520,text under 3 chars
229086899,427520,text under 3 chars
228917544,427520,text under 3 chars
228898856,427520,text under 3 chars
228858285,427520,text under 3 chars
231800186,1162750,text under 3 chars
230478669,1162750,text under 3 chars
228921943,1162750,text under 3 chars
228228064,1162750,text under 3 chars
223722525,1162750,text under 3 chars
223505253,1162750,text under 3 chars
222392284,1162750,text under 3 chars
222163524,1162750,text under 3 chars
222054799,1162750,text under 3 chars
221265460,1162750,text under 3 chars
219372304,1162750,text under 3 chars
217640324,1162750,text under 3 chars
217351414,1162750,text under 3 chars
216971113,1162750,text under 3 chars
216578365,1162750,text under 3 chars
229489073,242920,text under 3 chars
226924906,242920,text under 3 chars
222770851,242920,text under 3 chars
221764000,242920,text under 3 chars
219329970,242920,text under 3 chars
219297388,242920,text under 3 chars
218982583,242920,text under 3 chars
216087674,242920,text under 3 chars
215581202,242920,text under 3 chars
208802550,242920,text under 3 chars
208555639,242920,text under 3 chars
206828446,242920,text under 3 chars
206400398,242920,text under 3 chars
205496956,242920,text under 3 chars
204056301,242920,text under 3 chars
202335545,242920,text under 3 chars
199694891,242920,text under 3 chars
196408714,242920,text under 3 chars
193522785,242920,text under 3 chars
193433133,242920,text under 3 chars
192840849,242920,text under 3 chars
190208446,242920,text under 3 chars
189523924,242920,text under 3 chars
188804699,242920,text under 3 chars
188379497,242920,text under 3 chars
187441977,242920,text under 3 chars
185165720,242920,text under 3 chars
184228259,242920,text under 3 chars
183743167,242920,text under 3 chars
231562741,1029780,text under 3 chars
231075010,1029780,text under 3 chars
230640792,1029780,text under 3 chars
230147702,1029780,text under 3 chars
227225768,1029780,text under 3 chars
226620990,1029780,text under 3 chars
223393894,1029780,text under 3 chars
222538153,1029780,text under 3 chars
222440117,1029780,text under 3 chars
222306169,1029780,text under 3 chars
222121970,1029780,text under 3 chars
221977374,1029780,text under 3 chars
221932085,1029780,text under 3 chars
221266021,1029780,text under 3 chars
213511501,1029780,text under 3 chars
206124855,1029780,text under 3 chars
228509263,529340,text under 3 chars
226573799,529340,text under 3 chars
226327974,529340,text under 3 chars
225806935,529340,text under 3 chars
225226171,529340,text under 3 chars
225149822,529340,text under 3 chars
224042014,529340,text under 3 chars
222060623,529340,text under 3 chars
221775562,529340,text under 3 chars
221768840,529340,text under 3 chars
221249621,529340,text under 3 chars
221194728,529340,text under 3 chars
221140757,529340,text under 3 chars
220826121,529340,text under 3 chars
231311265,333640,text under 3 chars
230673567,333640,text under 3 chars
230590578,333640,text under 3 chars
229642047,333640,text under 3 chars
228954268,333640,text under 3 chars
227833066,333640,text under 3 chars
224746304,333640,text under 3 chars
221401744,333640,text under 3 chars
219406798,333640,text under 3 chars
219151117,333640,text under 3 chars
217238177,333640,text under 3 chars
216370340,333640,text under 3 chars
216307514,333640,text under 3 chars
214947466,333640,text under 3 chars
214834191,333640,text under 3 chars
213525644,333640,text under 3 chars
211599392,333640,text under 3 chars
211275845,333640,text under 3 chars
211243622,333640,text under 3 chars
231446150,233860,text under 3 chars
231360296,233860,text under 3 chars
231306549,233860,text under 3 chars
230971160,233860,text under 3 chars
230927083,233860,text under 3 chars
230524161,233860,text under 3 chars
229996798,233860,text under 3 chars
229756327,233860,text under 3 chars
229495586,233860,text under 3 chars
229339788,233860,text under 3 chars
229285410,233860,text under 3 chars
229231322,233860,text under 3 chars
227496898,233860,text under 3 chars
226934603,233860,text under 3 chars
226927528,233860,text under 3 chars
226919942,233860,text under 3 chars
226900166,233860,text under 3 chars
226639804,233860,text under 3 chars
224787266,763890,text under 3 chars
217068622,763890,text under 3 chars
210002684,763890,text under 3 chars
206619832,763890,text under 3 chars
205540838,763890,text under 3 chars
199787967,763890,text under 3 chars
196422339,763890,text under 3 chars
195257919,763890,text under 3 chars
187049990,763890,text under 3 chars
184441990,763890,text under 3 chars
184358871,763890,text under 3 chars
180122544,763890,text under 3 chars
179196595,763890,text under 3 chars
178695892,763890,text under 3 chars
172484336,763890,text under 3 chars
168537905,763890,text under 3 chars
231536191,986130,text under 3 chars
228351306,986130,text under 3 chars
228089798,986130,text under 3 chars
222172615,986130,text under 3 chars
220309252,986130,text under 3 chars
219373047,986130,text under 3 chars
217740316,986130,text under 3 chars
212071855,986130,text under 3 chars
208066444,986130,text under 3 chars
207716286,986130,text under 3 chars
206182630,986130,text under 3 chars
204971995,986130,text under 3 chars
204689925,986130,text under 3 chars
204571529,986130,text under 3 chars
231856986,1222670,text under 3 chars
231838664,1222670,text under 3 chars
231826186,1222670,text under 3 chars
231766008,1222670,text under 3 chars
231641544,1222670,text under 3 chars
231548794,1222670,text under 3 chars
231537603,1222670,text under 3 chars
231506439,1222670,text under 3 chars
231478000,1222670,text under 3 chars
231474523,1222670,text under 3 chars
231440961,1222670,text under 3 chars
231371232,1222670,text under 3 chars
231351322,1222670,text under 3 chars
231181554,1222670,text under 3 chars
231176982,1222670,text under 3 chars
231076047,1222670,text under 3 chars
231073560,1222670,text under 3 chars
231060940,1222670,text under 3 chars
231010871,1222670,text under 3 chars
230881677,1222670,text under 3 chars
230880672,1222670,text under 3 chars
230865604,1222670,text under 3 chars
230710434,1222670,text under 3 chars
230521415,1222670,text under 3 chars
230482000,1222670,text under 3 chars
230467322,1222670,text under 3 chars
230395356,1222670,text under 3 chars
230278159,1222670,text under 3 chars
230137159,1222670,text under 3 chars
229913404,1222670,text under 3 chars
229903016,1222670,text under 3 chars
229882966,1222670,text under 3 chars
229868034,1222670,text under 3 chars
229858563,1222670,text under 3 chars
229842410,1222670,text under 3 chars
229822209,1222670,text under 3 chars
229820654,1222670,text under 3 chars
229733670,1222670,text under 3 chars
229703678,1222670,text under 3 chars
229652013,1222670,text under 3 chars
229631698,1222670,text under 3 chars
229560740,1222670,text under 3 chars
229468494,1222670,text under 3 chars
229448574,1222670,text under 3 chars
229430023,1222670,text under 3 chars
229354517,1222670,text under 3 chars
229258039,1222670,text under 3 chars
229251821,1222670,text under 3 chars
229220853,1222670,text under 3 chars
229205449,1222670,text under 3 chars
229164634,1222670,text under 3 chars
231857281,413150,text under 3 chars
231850251,413150,text under 3 chars
231811327,413150,text under 3 chars
231771844,413150,text under 3 chars
231713722,413150,text under 3 chars
231712950,413150,text under 3 chars
231705232,413150,text under 3 chars
231697162,413150,text under 3 chars
231675297,413150,text under 3 chars
231623514,413150,text under 3 chars
231580816,413150,text under 3 chars
231552876,413150,text under 3 chars
231543283,413150,text under 3 chars
231531463,413150,text under 3 chars
231488027,413150,text under 3 chars
231482647,413150,text under 3 chars
231443690,413150,text under 3 chars
231427510,413150,text under 3 chars
231395875,413150,text under 3 chars
231363355,413150,text under 3 chars
231356338,413150,text under 3 chars
231342108,413150,text under 3 chars
231271942,413150,text under 3 chars
231267353,413150,text under 3 chars
231253204,413150,text under 3 chars
231253159,413150,text under 3 chars
231249407,413150,text under 3 chars
231237419,413150,text under 3 chars
231232396,413150,text under 3 chars
231155146,413150,text under 3 chars
231139733,413150,text under 3 chars
231109269,413150,text under 3 chars
231033253,413150,text under 3 chars
231014493,413150,text under 3 chars
231007688,413150,text under 3 chars
231000550,413150,text under 3 chars
230983731,413150,text under 3 chars
230931209,413150,text under 3 chars
230930474,413150,text under 3 chars
230914331,413150,text under 3 chars
230894145,413150,text under 3 chars
207610511,666140,text under 3 chars
203306759,666140,text under 3 chars
202371737,666140,text under 3 chars
202003142,666140,text under 3 chars
196908356,666140,text under 3 chars
194984067,666140,text under 3 chars
186177989,666140,text under 3 chars
185728529,666140,text under 3 chars
177130202,666140,text under 3 chars
175376991,666140,text under 3 chars
171334145,666140,text under 3 chars
170670120,666140,text under 3 chars
168714659,666140,text under 3 chars
158316989,666140,text under 3 chars
231506478,599140,text under 3 chars
230789034,599140,text under 3 chars
230328399,599140,text under 3 chars
229966756,599140,text under 3 chars
229668094,599140,text under 3 chars
229277770,599140,text under 3 chars
229252653,599140,text under 3 chars
227856508,599140,text under 3 chars
227167870,599140,text under 3 chars
227035668,599140,text under 3 chars
226961190,599140,text under 3 chars
226922237,599140,text under 3 chars
226047657,599140,text under 3 chars
225732889,599140,text under 3 chars
225400291,599140,text under 3 chars
225147219,599140,text under 3 chars
224955391,599140,text under 3 chars
224893155,599140,text under 3 chars
224629060,599140,text under 3 chars
224601881,599140,text under 3 chars
229109656,972660,text under 3 chars
226919916,972660,text under 3 chars
226915948,972660,text under 3 chars
223809705,972660,text under 3 chars
219989395,972660,text under 3 chars
219260894,972660,text under 3 chars
217371381,972660,text under 3 chars
215440691,972660,text under 3 chars
215162498,972660,text under 3 chars
212743719,972660,text under 3 chars
210629867,972660,text under 3 chars
209725780,972660,text under 3 chars
